"year","state","population"
1980,"alaska",404680
1980,"alabama",3899671
1980,"arkansas",2288809
1980,"arizona",2735840
1980,"california",23792840
1980,"colorado",2909545
1980,"connecticut",3114221
1980,"district of columbia",637161
1980,"delaware",594936
1980,"florida",9841159
1980,"georgia",5484427
1980,"hawaii",961525
1980,"iowa",2915562
1980,"idaho",948582
1980,"illinois",11435454
1980,"indiana",5492740
1980,"kansas",2370088
1980,"kentucky",3665364
1980,"louisiana",4221583
1980,"massachusetts",5748441
1980,"maryland",4226191
1980,"maine",1127825
1980,"michigan",9256676
1980,"minnesota",4086746
1980,"missouri",4923025
1980,"mississippi",2524011
1980,"montana",788754
1980,"north carolina",5896178
1980,"north dakota",654501
1980,"nebraska",1572854
1980,"new hampshire",924802
1980,"new jersey",7376972
1980,"new mexico",1309108
1980,"nevada",810232
1980,"new york",17566376
1980,"ohio",10803551
1980,"oklahoma",3040067
1980,"oregon",2642128
1980,"pennsylvania",11872347
1980,"rhode island",949207
1980,"south carolina",3132387
1980,"south dakota",690713
1980,"tennessee",4600705
1980,"texas",14337755
1980,"utah",1473171
1980,"virginia",5367648
1980,"vermont",512824
1980,"washington",4155198
1980,"wisconsin",4713991
1980,"west virginia",1952874
1980,"wyoming",474381
1981,"alaska",418519
1981,"alabama",3918526
1981,"arkansas",2293196
1981,"arizona",2810110
1981,"california",24285898
1981,"colorado",2977917
1981,"connecticut",3128849
1981,"district of columbia",636891
1981,"delaware",595974
1981,"florida",10192814
1981,"georgia",5568420
1981,"hawaii",978201
1981,"iowa",2908003
1981,"idaho",962244
1981,"illinois",11443511
1981,"indiana",5480482
1981,"kansas",2384813
1981,"kentucky",3670396
1981,"louisiana",4283312
1981,"massachusetts",5768702
1981,"maryland",4261930
1981,"maine",1133039
1981,"michigan",9209352
1981,"minnesota",4111752
1981,"missouri",4932103
1981,"mississippi",2539038
1981,"montana",795330
1981,"north carolina",5956718
1981,"north dakota",659494
1981,"nebraska",1578481
1981,"new hampshire",936630
1981,"new jersey",7407508
1981,"new mexico",1332768
1981,"nevada",847644
1981,"new york",17567730
1981,"ohio",10788342
1981,"oklahoma",3096133
1981,"oregon",2667999
1981,"pennsylvania",11858669
1981,"rhode island",953015
1981,"south carolina",3179269
1981,"south dakota",689582
1981,"tennessee",4627668
1981,"texas",14746340
1981,"utah",1515483
1981,"virginia",5444155
1981,"vermont",515588
1981,"washington",4235733
1981,"wisconsin",4726315
1981,"west virginia",1954105
1981,"wyoming",491700
1982,"alaska",449608
1982,"alabama",3925328
1982,"arkansas",2294297
1982,"arizona",2889877
1982,"california",24820025
1982,"colorado",3061599
1982,"connecticut",3139008
1982,"district of columbia",634174
1982,"delaware",599149
1982,"florida",10471438
1982,"georgia",5649788
1982,"hawaii",993775
1982,"iowa",2888209
1982,"idaho",973714
1982,"illinois",11423449
1982,"indiana",5467946
1982,"kansas",2401220
1982,"kentucky",3683427
1982,"louisiana",4352625
1982,"massachusetts",5771203
1982,"maryland",4282946
1982,"maine",1136698
1982,"michigan",9115204
1982,"minnesota",4131469
1982,"missouri",4929471
1982,"mississippi",2556810
1982,"montana",803966
1982,"north carolina",6019166
1982,"north dakota",668960
1982,"nebraska",1581747
1982,"new hampshire",947716
1982,"new jersey",7431031
1982,"new mexico",1363854
1982,"nevada",881550
1982,"new york",17589772
1982,"ohio",10757118
1982,"oklahoma",3206103
1982,"oregon",2664930
1982,"pennsylvania",11845214
1982,"rhode island",954178
1982,"south carolina",3207614
1982,"south dakota",690586
1982,"tennessee",4646050
1982,"texas",15331379
1982,"utah",1558322
1982,"virginia",5492848
1982,"vermont",519113
1982,"washington",4276533
1982,"wisconsin",4728879
1982,"west virginia",1949642
1982,"wyoming",506378
1983,"alaska",488423
1983,"alabama",3934100
1983,"arkansas",2305796
1983,"arizona",2968912
1983,"california",25360028
1983,"colorado",3133614
1983,"connecticut",3162366
1983,"district of columbia",632433
1983,"delaware",605455
1983,"florida",10749908
1983,"georgia",5728301
1983,"hawaii",1012718
1983,"iowa",2870580
1983,"idaho",981895
1983,"illinois",11408779
1983,"indiana",5450407
1983,"kansas",2415565
1983,"kentucky",3694465
1983,"louisiana",4395334
1983,"massachusetts",5799434
1983,"maryland",4313319
1983,"maine",1144777
1983,"michigan",9047772
1983,"minnesota",4141479
1983,"missouri",4943767
1983,"mississippi",2567731
1983,"montana",814009
1983,"north carolina",6077149
1983,"north dakota",676664
1983,"nebraska",1584296
1983,"new hampshire",958127
1983,"new jersey",7467818
1983,"new mexico",1394380
1983,"nevada",901987
1983,"new york",17686905
1983,"ohio",10737664
1983,"oklahoma",3290412
1983,"oregon",2653095
1983,"pennsylvania",11837787
1983,"rhode island",956378
1983,"south carolina",3234093
1983,"south dakota",693017
1983,"tennessee",4659799
1983,"texas",15751679
1983,"utah",1594953
1983,"virginia",5564676
1983,"vermont",523310
1983,"washington",4300267
1983,"wisconsin",4721428
1983,"west virginia",1945096
1983,"wyoming",510350
1984,"alaska",513697
1984,"alabama",3951766
1984,"arkansas",2319782
1984,"arizona",3067125
1984,"california",25844380
1984,"colorado",3170024
1984,"connecticut",3180017
1984,"district of columbia",633385
1984,"delaware",611567
1984,"florida",11039982
1984,"georgia",5835018
1984,"hawaii",1027923
1984,"iowa",2858631
1984,"idaho",990811
1984,"illinois",11412194
1984,"indiana",5458334
1984,"kansas",2424119
1984,"kentucky",3695426
1984,"louisiana",4400521
1984,"massachusetts",5840782
1984,"maryland",4365282
1984,"maine",1155646
1984,"michigan",9049453
1984,"minnesota",4157708
1984,"missouri",4975276
1984,"mississippi",2578030
1984,"montana",820868
1984,"north carolina",6164036
1984,"north dakota",680484
1984,"nebraska",1588598
1984,"new hampshire",976879
1984,"new jersey",7515486
1984,"new mexico",1416763
1984,"nevada",924917
1984,"new york",17745710
1984,"ohio",10737767
1984,"oklahoma",3285581
1984,"oregon",2666598
1984,"pennsylvania",11815214
1984,"rhode island",961898
1984,"south carolina",3271923
1984,"south dakota",697207
1984,"tennessee",4686803
1984,"texas",16007171
1984,"utah",1622339
1984,"virginia",5643937
1984,"vermont",526662
1984,"washington",4343670
1984,"wisconsin",4735588
1984,"west virginia",1927675
1984,"wyoming",504891
1985,"alaska",532503
1985,"alabama",3972539
1985,"arkansas",2327069
1985,"arizona",3183536
1985,"california",26441100
1985,"colorado",3208691
1985,"connecticut",3201120
1985,"district of columbia",634545
1985,"delaware",618287
1985,"florida",11351091
1985,"georgia",5962708
1985,"hawaii",1039689
1985,"iowa",2829691
1985,"idaho",994050
1985,"illinois",11399816
1985,"indiana",5459201
1985,"kansas",2427428
1985,"kentucky",3694833
1985,"louisiana",4408128
1985,"massachusetts",5880748
1985,"maryland",4413118
1985,"maine",1162942
1985,"michigan",9076282
1985,"minnesota",4184290
1985,"missouri",5000286
1985,"mississippi",2588120
1985,"montana",822326
1985,"north carolina",6253991
1985,"north dakota",676978
1985,"nebraska",1584659
1985,"new hampshire",996760
1985,"new jersey",7565511
1985,"new mexico",1438385
1985,"nevada",951040
1985,"new york",17791750
1985,"ohio",10734943
1985,"oklahoma",3271395
1985,"oregon",2672681
1985,"pennsylvania",11770908
1985,"rhode island",968958
1985,"south carolina",3303250
1985,"south dakota",698404
1985,"tennessee",4715288
1985,"texas",16272777
1985,"utah",1642906
1985,"virginia",5715198
1985,"vermont",530031
1985,"washington",4400084
1985,"wisconsin",4747766
1985,"west virginia",1906823
1985,"wyoming",499688
1986,"alaska",544270
1986,"alabama",3991552
1986,"arkansas",2331988
1986,"arizona",3308269
1986,"california",27102241
1986,"colorado",3237457
1986,"connecticut",3223744
1986,"district of columbia",638280
1986,"delaware",627545
1986,"florida",11667511
1986,"georgia",6084739
1986,"hawaii",1051767
1986,"iowa",2791923
1986,"idaho",990259
1986,"illinois",11387247
1986,"indiana",5454137
1986,"kansas",2432638
1986,"kentucky",3687821
1986,"louisiana",4406953
1986,"massachusetts",5902658
1986,"maryland",4487008
1986,"maine",1170120
1986,"michigan",9127778
1986,"minnesota",4205257
1986,"missouri",5023077
1986,"mississippi",2593609
1986,"montana",813770
1986,"north carolina",6321646
1986,"north dakota",669520
1986,"nebraska",1574301
1986,"new hampshire",1025069
1986,"new jersey",7622189
1986,"new mexico",1462762
1986,"nevada",980635
1986,"new york",17833489
1986,"ohio",10730284
1986,"oklahoma",3252756
1986,"oregon",2683537
1986,"pennsylvania",11782786
1986,"rhode island",977341
1986,"south carolina",3342740
1986,"south dakota",696014
1986,"tennessee",4738700
1986,"texas",16561153
1986,"utah",1662830
1986,"virginia",5811695
1986,"vermont",534065
1986,"washington",4452726
1986,"wisconsin",4755646
1986,"west virginia",1882351
1986,"wyoming",495619
1987,"alaska",539324
1987,"alabama",4015266
1987,"arkansas",2342405
1987,"arizona",3437097
1987,"california",27777121
1987,"colorado",3260504
1987,"connecticut",3247304
1987,"district of columbia",636931
1987,"delaware",636950
1987,"florida",11997293
1987,"georgia",6208502
1987,"hawaii",1067914
1987,"iowa",2767011
1987,"idaho",985010
1987,"illinois",11391175
1987,"indiana",5473040
1987,"kansas",2445422
1987,"kentucky",3683341
1987,"louisiana",4344222
1987,"massachusetts",5935207
1987,"maryland",4565574
1987,"maine",1184588
1987,"michigan",9187469
1987,"minnesota",4235173
1987,"missouri",5056727
1987,"mississippi",2588571
1987,"montana",805084
1987,"north carolina",6403731
1987,"north dakota",661140
1987,"nebraska",1566549
1987,"new hampshire",1054291
1987,"new jersey",7670784
1987,"new mexico",1478507
1987,"nevada",1023357
1987,"new york",17868881
1987,"ohio",10760062
1987,"oklahoma",3210172
1987,"oregon",2701015
1987,"pennsylvania",11810896
1987,"rhode island",989597
1987,"south carolina",3380520
1987,"south dakota",696032
1987,"tennessee",4782935
1987,"texas",16621954
1987,"utah",1678126
1987,"virginia",5932261
1987,"vermont",540266
1987,"washington",4531896
1987,"wisconsin",4777977
1987,"west virginia",1857590
1987,"wyoming",476974
1988,"alaska",541999
1988,"alabama",4023902
1988,"arkansas",2342643
1988,"arizona",3535200
1988,"california",28464230
1988,"colorado",3262279
1988,"connecticut",3271957
1988,"district of columbia",630427
1988,"delaware",647621
1988,"florida",12306421
1988,"georgia",6316185
1988,"hawaii",1079830
1988,"iowa",2768370
1988,"idaho",985680
1988,"illinois",11390222
1988,"indiana",5491729
1988,"kansas",2462057
1988,"kentucky",3679990
1988,"louisiana",4288939
1988,"massachusetts",5979997
1988,"maryland",4657894
1988,"maine",1203850
1988,"michigan",9218025
1988,"minnesota",4296162
1988,"missouri",5081731
1988,"mississippi",2580377
1988,"montana",800194
1988,"north carolina",6480675
1988,"north dakota",655324
1988,"nebraska",1571465
1988,"new hampshire",1082583
1988,"new jersey",7712352
1988,"new mexico",1490356
1988,"nevada",1075033
1988,"new york",17941357
1988,"ohio",10798630
1988,"oklahoma",3167148
1988,"oregon",2741316
1988,"pennsylvania",11845774
1988,"rhode island",996406
1988,"south carolina",3412102
1988,"south dakota",698144
1988,"tennessee",4822432
1988,"texas",16667146
1988,"utah",1689374
1988,"virginia",6036907
1988,"vermont",549758
1988,"washington",4639911
1988,"wisconsin",4822365
1988,"west virginia",1830227
1988,"wyoming",465080
1989,"alaska",547170
1989,"alabama",4030239
1989,"arkansas",2346375
1989,"arizona",3622180
1989,"california",29218163
1989,"colorado",3275826
1989,"connecticut",3283420
1989,"district of columbia",624160
1989,"delaware",658279
1989,"florida",12637697
1989,"georgia",6411121
1989,"hawaii",1094587
1989,"iowa",2770581
1989,"idaho",994396
1989,"illinois",11409801
1989,"indiana",5523668
1989,"kansas",2472864
1989,"kentucky",3677287
1989,"louisiana",4252958
1989,"massachusetts",6015492
1989,"maryland",4727303
1989,"maine",1219968
1989,"michigan",9253339
1989,"minnesota",4338036
1989,"missouri",5095833
1989,"mississippi",2574306
1989,"montana",799657
1989,"north carolina",6565546
1989,"north dakota",646359
1989,"nebraska",1574848
1989,"new hampshire",1104519
1989,"new jersey",7726114
1989,"new mexico",1503936
1989,"nevada",1137391
1989,"new york",17983082
1989,"ohio",10829255
1989,"oklahoma",3150372
1989,"oregon",2790579
1989,"pennsylvania",11866027
1989,"rhode island",1000670
1989,"south carolina",3456772
1989,"south dakota",696787
1989,"tennessee",4854463
1989,"texas",16806831
1989,"utah",1705886
1989,"virginia",6120244
1989,"vermont",557715
1989,"washington",4746314
1989,"wisconsin",4856478
1989,"west virginia",1806569
1989,"wyoming",458376
1990,"alaska",553290
1990,"alabama",4050055
1990,"arkansas",2356586
1990,"arizona",3684097
1990,"california",29959515
1990,"colorado",3307618
1990,"connecticut",3291967
1990,"district of columbia",605321
1990,"delaware",669567
1990,"florida",13033307
1990,"georgia",6512602
1990,"hawaii",1113491
1990,"iowa",2781018
1990,"idaho",1012384
1990,"illinois",11453316
1990,"indiana",5557798
1990,"kansas",2481349
1990,"kentucky",3694048
1990,"louisiana",4221532
1990,"massachusetts",6022639
1990,"maryland",4799770
1990,"maine",1231719
1990,"michigan",9311319
1990,"minnesota",4389857
1990,"missouri",5128880
1990,"mississippi",2578897
1990,"montana",800204
1990,"north carolina",6664016
1990,"north dakota",637685
1990,"nebraska",1581660
1990,"new hampshire",1112384
1990,"new jersey",7762963
1990,"new mexico",1521574
1990,"nevada",1220695
1990,"new york",18020784
1990,"ohio",10864162
1990,"oklahoma",3148825
1990,"oregon",2860375
1990,"pennsylvania",11903299
1990,"rhode island",1005995
1990,"south carolina",3501155
1990,"south dakota",697101
1990,"tennessee",4894492
1990,"texas",17056755
1990,"utah",1731223
1990,"virginia",6216884
1990,"vermont",564798
1990,"washington",4903043
1990,"wisconsin",4904562
1990,"west virginia",1792548
1990,"wyoming",453690
1991,"alaska",570193
1991,"alabama",4099156
1991,"arkansas",2383144
1991,"arizona",3788576
1991,"california",30470736
1991,"colorado",3387119
1991,"connecticut",3302895
1991,"district of columbia",600870
1991,"delaware",683080
1991,"florida",13369798
1991,"georgia",6653005
1991,"hawaii",1136754
1991,"iowa",2797613
1991,"idaho",1041316
1991,"illinois",11568964
1991,"indiana",5616388
1991,"kansas",2498722
1991,"kentucky",3722328
1991,"louisiana",4253279
1991,"massachusetts",6018470
1991,"maryland",4867641
1991,"maine",1237081
1991,"michigan",9400446
1991,"minnesota",4440859
1991,"missouri",5170800
1991,"mississippi",2598733
1991,"montana",809680
1991,"north carolina",6784280
1991,"north dakota",635753
1991,"nebraska",1595919
1991,"new hampshire",1109929
1991,"new jersey",7814676
1991,"new mexico",1555305
1991,"nevada",1296171
1991,"new york",18122510
1991,"ohio",10945762
1991,"oklahoma",3175440
1991,"oregon",2928507
1991,"pennsylvania",11982164
1991,"rhode island",1010649
1991,"south carolina",3570404
1991,"south dakota",703669
1991,"tennessee",4966587
1991,"texas",17398005
1991,"utah",1779780
1991,"virginia",6301217
1991,"vermont",568606
1991,"washington",5025624
1991,"wisconsin",4964343
1991,"west virginia",1798735
1991,"wyoming",459260
1992,"alaska",588736
1992,"alabama",4154014
1992,"arkansas",2415984
1992,"arizona",3915740
1992,"california",30974659
1992,"colorado",3495939
1992,"connecticut",3300712
1992,"district of columbia",597565
1992,"delaware",694925
1992,"florida",13650553
1992,"georgia",6817203
1992,"hawaii",1158613
1992,"iowa",2818401
1992,"idaho",1071685
1992,"illinois",11694184
1992,"indiana",5674547
1992,"kansas",2532394
1992,"kentucky",3765469
1992,"louisiana",4293003
1992,"massachusetts",6028709
1992,"maryland",4923368
1992,"maine",1238508
1992,"michigan",9479065
1992,"minnesota",4495572
1992,"missouri",5217101
1992,"mississippi",2623734
1992,"montana",825770
1992,"north carolina",6897214
1992,"north dakota",638223
1992,"nebraska",1611687
1992,"new hampshire",1117784
1992,"new jersey",7880508
1992,"new mexico",1595442
1992,"nevada",1351367
1992,"new york",18246653
1992,"ohio",11029431
1992,"oklahoma",3220517
1992,"oregon",2991755
1992,"pennsylvania",12049450
1992,"rhode island",1012581
1992,"south carolina",3620464
1992,"south dakota",712801
1992,"tennessee",5049742
1992,"texas",17759738
1992,"utah",1836799
1992,"virginia",6414307
1992,"vermont",572751
1992,"washington",5160757
1992,"wisconsin",5025398
1992,"west virginia",1806451
1992,"wyoming",466251
1993,"alaska",599432
1993,"alabama",4214202
1993,"arkansas",2456303
1993,"arizona",4065440
1993,"california",31274928
1993,"colorado",3613734
1993,"connecticut",3309175
1993,"district of columbia",595301
1993,"delaware",706378
1993,"florida",13927185
1993,"georgia",6978240
1993,"hawaii",1172838
1993,"iowa",2836972
1993,"idaho",1108768
1993,"illinois",11809579
1993,"indiana",5739019
1993,"kansas",2556547
1993,"kentucky",3812206
1993,"louisiana",4316428
1993,"massachusetts",6060569
1993,"maryland",4971889
1993,"maine",1242302
1993,"michigan",9540114
1993,"minnesota",4555954
1993,"missouri",5271175
1993,"mississippi",2655100
1993,"montana",844761
1993,"north carolina",7042818
1993,"north dakota",641216
1993,"nebraska",1625590
1993,"new hampshire",1129458
1993,"new jersey",7948915
1993,"new mexico",1636453
1993,"nevada",1411215
1993,"new york",18374954
1993,"ohio",11101140
1993,"oklahoma",3252285
1993,"oregon",3060367
1993,"pennsylvania",12119724
1993,"rhode island",1015112
1993,"south carolina",3663314
1993,"south dakota",722159
1993,"tennessee",5137584
1993,"texas",18161612
1993,"utah",1898404
1993,"virginia",6509630
1993,"vermont",577748
1993,"washington",5278842
1993,"wisconsin",5084889
1993,"west virginia",1817539
1993,"wyoming",473081
1994,"alaska",603308
1994,"alabama",4260229
1994,"arkansas",2494019
1994,"arizona",4245089
1994,"california",31484435
1994,"colorado",3724168
1994,"connecticut",3316121
1994,"district of columbia",589239
1994,"delaware",717545
1994,"florida",14239444
1994,"georgia",7157165
1994,"hawaii",1187536
1994,"iowa",2850746
1994,"idaho",1145140
1994,"illinois",11912585
1994,"indiana",5793526
1994,"kansas",2580513
1994,"kentucky",3849088
1994,"louisiana",4347481
1994,"massachusetts",6095241
1994,"maryland",5023060
1994,"maine",1242662
1994,"michigan",9597737
1994,"minnesota",4610355
1994,"missouri",5324497
1994,"mississippi",2688992
1994,"montana",861306
1994,"north carolina",7187398
1994,"north dakota",644804
1994,"nebraska",1639041
1994,"new hampshire",1142560
1994,"new jersey",8014306
1994,"new mexico",1682398
1994,"nevada",1499298
1994,"new york",18459470
1994,"ohio",11152454
1994,"oklahoma",3280940
1994,"oregon",3121264
1994,"pennsylvania",12166050
1994,"rhode island",1015960
1994,"south carolina",3705397
1994,"south dakota",730790
1994,"tennessee",5231438
1994,"texas",18564062
1994,"utah",1960446
1994,"virginia",6593139
1994,"vermont",583836
1994,"washington",5375161
1994,"wisconsin",5133678
1994,"west virginia",1820421
1994,"wyoming",480283
1995,"alaska",604412
1995,"alabama",4296800
1995,"arkansas",2535399
1995,"arizona",4432499
1995,"california",31696582
1995,"colorado",3826653
1995,"connecticut",3324144
1995,"district of columbia",580517
1995,"delaware",729734
1995,"florida",14537875
1995,"georgia",7328413
1995,"hawaii",1196854
1995,"iowa",2867373
1995,"idaho",1177322
1995,"illinois",12008437
1995,"indiana",5851459
1995,"kansas",2601007
1995,"kentucky",3887427
1995,"louisiana",4378779
1995,"massachusetts",6141445
1995,"maryland",5070033
1995,"maine",1243480
1995,"michigan",9676211
1995,"minnesota",4660180
1995,"missouri",5378247
1995,"mississippi",2722659
1995,"montana",876553
1995,"north carolina",7344674
1995,"north dakota",647832
1995,"nebraska",1656992
1995,"new hampshire",1157561
1995,"new jersey",8083242
1995,"new mexico",1720394
1995,"nevada",1581578
1995,"new york",18524104
1995,"ohio",11202751
1995,"oklahoma",3308208
1995,"oregon",3184369
1995,"pennsylvania",12198403
1995,"rhode island",1017002
1995,"south carolina",3748582
1995,"south dakota",737925
1995,"tennessee",5326936
1995,"texas",18958751
1995,"utah",2014177
1995,"virginia",6670693
1995,"vermont",589002
1995,"washington",5481027
1995,"wisconsin",5184836
1995,"west virginia",1823700
1995,"wyoming",485160
1996,"alaska",608569
1996,"alabama",4331102
1996,"arkansas",2572109
1996,"arizona",4586940
1996,"california",32018834
1996,"colorado",3919972
1996,"connecticut",3336685
1996,"district of columbia",572377
1996,"delaware",740977
1996,"florida",14853360
1996,"georgia",7501069
1996,"hawaii",1203755
1996,"iowa",2880000
1996,"idaho",1203083
1996,"illinois",12101997
1996,"indiana",5906013
1996,"kansas",2614554
1996,"kentucky",3919535
1996,"louisiana",4398877
1996,"massachusetts",6179756
1996,"maryland",5111986
1996,"maine",1249060
1996,"michigan",9758645
1996,"minnesota",4712827
1996,"missouri",5431553
1996,"mississippi",2748085
1996,"montana",886254
1996,"north carolina",7500670
1996,"north dakota",650382
1996,"nebraska",1673740
1996,"new hampshire",1174719
1996,"new jersey",8149596
1996,"new mexico",1752326
1996,"nevada",1666320
1996,"new york",18588460
1996,"ohio",11242827
1996,"oklahoma",3340129
1996,"oregon",3247111
1996,"pennsylvania",12220464
1996,"rhode island",1020893
1996,"south carolina",3796200
1996,"south dakota",742213
1996,"tennessee",5416643
1996,"texas",19340342
1996,"utah",2067976
1996,"virginia",6750884
1996,"vermont",593701
1996,"washington",5569753
1996,"wisconsin",5229986
1996,"west virginia",1822808
1996,"wyoming",488167
1997,"alaska",612968
1997,"alabama",4367935
1997,"arkansas",2601090
1997,"arizona",4736990
1997,"california",32486010
1997,"colorado",4018293
1997,"connecticut",3349348
1997,"district of columbia",567736
1997,"delaware",751487
1997,"florida",15186304
1997,"georgia",7685099
1997,"hawaii",1211640
1997,"iowa",2891119
1997,"idaho",1228520
1997,"illinois",12185715
1997,"indiana",5955267
1997,"kansas",2635292
1997,"kentucky",3952747
1997,"louisiana",4421071
1997,"massachusetts",6226058
1997,"maryland",5157328
1997,"maine",1254774
1997,"michigan",9809051
1997,"minnesota",4763390
1997,"missouri",5481193
1997,"mississippi",2777004
1997,"montana",889865
1997,"north carolina",7656825
1997,"north dakota",649716
1997,"nebraska",1686418
1997,"new hampshire",1189425
1997,"new jersey",8218808
1997,"new mexico",1774839
1997,"nevada",1764104
1997,"new york",18656546
1997,"ohio",11277357
1997,"oklahoma",3372917
1997,"oregon",3304310
1997,"pennsylvania",12227814
1997,"rhode island",1025353
1997,"south carolina",3859696
1997,"south dakota",744223
1997,"tennessee",5499233
1997,"texas",19740317
1997,"utah",2119784
1997,"virginia",6829183
1997,"vermont",597239
1997,"washington",5674747
1997,"wisconsin",5266213
1997,"west virginia",1819113
1997,"wyoming",489451
1998,"alaska",619932
1998,"alabama",4404701
1998,"arkansas",2626289
1998,"arizona",4883342
1998,"california",32987675
1998,"colorado",4116639
1998,"connecticut",3365352
1998,"district of columbia",565230
1998,"delaware",763335
1998,"florida",15486559
1998,"georgia",7863536
1998,"hawaii",1215233
1998,"iowa",2902872
1998,"idaho",1252330
1998,"illinois",12271847
1998,"indiana",5998880
1998,"kansas",2660598
1998,"kentucky",3985390
1998,"louisiana",4440344
1998,"massachusetts",6271838
1998,"maryland",5204464
1998,"maine",1259127
1998,"michigan",9847942
1998,"minnesota",4813412
1998,"missouri",5521765
1998,"mississippi",2804834
1998,"montana",892431
1998,"north carolina",7809121
1998,"north dakota",647532
1998,"nebraska",1695816
1998,"new hampshire",1205940
1998,"new jersey",8287418
1998,"new mexico",1793484
1998,"nevada",1853191
1998,"new york",18755906
1998,"ohio",11311536
1998,"oklahoma",3405194
1998,"oregon",3352449
1998,"pennsylvania",12245672
1998,"rhode island",1031155
1998,"south carolina",3919235
1998,"south dakota",746058
1998,"tennessee",5570045
1998,"texas",20157531
1998,"utah",2165960
1998,"virginia",6900918
1998,"vermont",600416
1998,"washington",5769562
1998,"wisconsin",5297672
1998,"west virginia",1815609
1998,"wyoming",490787
1999,"alaska",624779
1999,"alabama",4430141
1999,"arkansas",2651860
1999,"arizona",5023823
1999,"california",33499204
1999,"colorado",4226018
1999,"connecticut",3386401
1999,"district of columbia",570213
1999,"delaware",774990
1999,"florida",15759421
1999,"georgia",8045965
1999,"hawaii",1210300
1999,"iowa",2917634
1999,"idaho",1275674
1999,"illinois",12359020
1999,"indiana",6044969
1999,"kansas",2678338
1999,"kentucky",4018053
1999,"louisiana",4460811
1999,"massachusetts",6317345
1999,"maryland",5254509
1999,"maine",1266808
1999,"michigan",9897116
1999,"minnesota",4873481
1999,"missouri",5561948
1999,"mississippi",2828408
1999,"montana",897507
1999,"north carolina",7949361
1999,"north dakota",644259
1999,"nebraska",1704764
1999,"new hampshire",1222014
1999,"new jersey",8359592
1999,"new mexico",1808082
1999,"nevada",1934718
1999,"new york",18882725
1999,"ohio",11335454
1999,"oklahoma",3437147
1999,"oregon",3393941
1999,"pennsylvania",12263805
1999,"rhode island",1040402
1999,"south carolina",3974682
1999,"south dakota",750412
1999,"tennessee",5638706
1999,"texas",20558220
1999,"utah",2203482
1999,"virginia",7000174
1999,"vermont",604683
1999,"washington",5842564
1999,"wisconsin",5332666
1999,"west virginia",1811799
1999,"wyoming",491780
2000,"alaska",627963
2000,"alabama",4452173
2000,"arkansas",2678588
2000,"arizona",5160586
2000,"california",33987977
2000,"colorado",4326921
2000,"connecticut",3411777
2000,"district of columbia",572046
2000,"delaware",786373
2000,"florida",16047515
2000,"georgia",8227303
2000,"hawaii",1213519
2000,"iowa",2929067
2000,"idaho",1299430
2000,"illinois",12434161
2000,"indiana",6091866
2000,"kansas",2693681
2000,"kentucky",4049021
2000,"louisiana",4471885
2000,"massachusetts",6361104
2000,"maryland",5311034
2000,"maine",1277072
2000,"michigan",9952450
2000,"minnesota",4933692
2000,"missouri",5607285
2000,"mississippi",2848353
2000,"montana",903773
2000,"north carolina",8081614
2000,"north dakota",642023
2000,"nebraska",1713820
2000,"new hampshire",1239882
2000,"new jersey",8430621
2000,"new mexico",1821204
2000,"nevada",2018741
2000,"new york",19001780
2000,"ohio",11363543
2000,"oklahoma",3454365
2000,"oregon",3429708
2000,"pennsylvania",12284173
2000,"rhode island",1050268
2000,"south carolina",4024223
2000,"south dakota",755844
2000,"tennessee",5703719
2000,"texas",20944499
2000,"utah",2244502
2000,"virginia",7105817
2000,"vermont",609618
2000,"washington",5910512
2000,"wisconsin",5373999
2000,"west virginia",1807021
2000,"wyoming",494300
2001,"alaska",633714
2001,"alabama",4467634
2001,"arkansas",2691571
2001,"arizona",5273477
2001,"california",34479458
2001,"colorado",4425687
2001,"connecticut",3432835
2001,"district of columbia",574504
2001,"delaware",795699
2001,"florida",16356966
2001,"georgia",8377038
2001,"hawaii",1225948
2001,"iowa",2931997
2001,"idaho",1319962
2001,"illinois",12488445
2001,"indiana",6127760
2001,"kansas",2702162
2001,"kentucky",4068132
2001,"louisiana",4477875
2001,"massachusetts",6397634
2001,"maryland",5374691
2001,"maine",1285692
2001,"michigan",9991120
2001,"minnesota",4982796
2001,"missouri",5641142
2001,"mississippi",2852994
2001,"montana",906961
2001,"north carolina",8210122
2001,"north dakota",639062
2001,"nebraska",1719836
2001,"new hampshire",1255517
2001,"new jersey",8492671
2001,"new mexico",1831690
2001,"nevada",2098399
2001,"new york",19082838
2001,"ohio",11387404
2001,"oklahoma",3467100
2001,"oregon",3467937
2001,"pennsylvania",12298970
2001,"rhode island",1057142
2001,"south carolina",4064995
2001,"south dakota",757972
2001,"tennessee",5750789
2001,"texas",21319622
2001,"utah",2283715
2001,"virginia",7198362
2001,"vermont",612223
2001,"washington",5985722
2001,"wisconsin",5406835
2001,"west virginia",1801481
2001,"wyoming",494657
2002,"alaska",642337
2002,"alabama",4480089
2002,"arkansas",2705927
2002,"arizona",5396255
2002,"california",34871843
2002,"colorado",4490406
2002,"connecticut",3458749
2002,"district of columbia",573158
2002,"delaware",806169
2002,"florida",16689370
2002,"georgia",8508256
2002,"hawaii",1239613
2002,"iowa",2934234
2002,"idaho",1340372
2002,"illinois",12525556
2002,"indiana",6155967
2002,"kansas",2713535
2002,"kentucky",4089875
2002,"louisiana",4497267
2002,"massachusetts",6417206
2002,"maryland",5440389
2002,"maine",1295960
2002,"michigan",10015710
2002,"minnesota",5018935
2002,"missouri",5674825
2002,"mississippi",2858681
2002,"montana",911667
2002,"north carolina",8326201
2002,"north dakota",638168
2002,"nebraska",1728292
2002,"new hampshire",1269089
2002,"new jersey",8552643
2002,"new mexico",1855309
2002,"nevada",2173791
2002,"new york",19137800
2002,"ohio",11407889
2002,"oklahoma",3489080
2002,"oregon",3513424
2002,"pennsylvania",12331031
2002,"rhode island",1065995
2002,"south carolina",4107795
2002,"south dakota",760020
2002,"tennessee",5795918
2002,"texas",21690325
2002,"utah",2324815
2002,"virginia",7286873
2002,"vermont",615442
2002,"washington",6052349
2002,"wisconsin",5445162
2002,"west virginia",1805414
2002,"wyoming",500017
2003,"alaska",648414
2003,"alabama",4503491
2003,"arkansas",2724816
2003,"arizona",5510364
2003,"california",35253159
2003,"colorado",4528732
2003,"connecticut",3484336
2003,"district of columbia",568502
2003,"delaware",818003
2003,"florida",17004085
2003,"georgia",8622793
2003,"hawaii",1251154
2003,"iowa",2941999
2003,"idaho",1363380
2003,"illinois",12556006
2003,"indiana",6196638
2003,"kansas",2723004
2003,"kentucky",4117170
2003,"louisiana",4521042
2003,"massachusetts",6422565
2003,"maryland",5496269
2003,"maine",1306513
2003,"michigan",10041152
2003,"minnesota",5053572
2003,"missouri",5709403
2003,"mississippi",2868312
2003,"montana",919630
2003,"north carolina",8422501
2003,"north dakota",638817
2003,"nebraska",1738643
2003,"new hampshire",1279840
2003,"new jersey",8601402
2003,"new mexico",1877574
2003,"nevada",2248850
2003,"new york",19175939
2003,"ohio",11434788
2003,"oklahoma",3504892
2003,"oregon",3547376
2003,"pennsylvania",12374658
2003,"rhode island",1071342
2003,"south carolina",4150297
2003,"south dakota",763729
2003,"tennessee",5847812
2003,"texas",22030931
2003,"utah",2360137
2003,"virginia",7366977
2003,"vermont",617858
2003,"washington",6104115
2003,"wisconsin",5479203
2003,"west virginia",1812295
2003,"wyoming",503453
2004,"alaska",659286
2004,"alabama",4530729
2004,"arkansas",2749686
2004,"arizona",5652404
2004,"california",35574576
2004,"colorado",4575013
2004,"connecticut",3496094
2004,"district of columbia",567754
2004,"delaware",830803
2004,"florida",17415318
2004,"georgia",8769252
2004,"hawaii",1273569
2004,"iowa",2953635
2004,"idaho",1391802
2004,"illinois",12589773
2004,"indiana",6233007
2004,"kansas",2734373
2004,"kentucky",4146101
2004,"louisiana",4552238
2004,"massachusetts",6412281
2004,"maryland",5546935
2004,"maine",1313688
2004,"michigan",10055315
2004,"minnesota",5087713
2004,"missouri",5747741
2004,"mississippi",2889010
2004,"montana",930009
2004,"north carolina",8553152
2004,"north dakota",644705
2004,"nebraska",1749370
2004,"new hampshire",1290121
2004,"new jersey",8634561
2004,"new mexico",1903808
2004,"nevada",2346222
2004,"new york",19171567
2004,"ohio",11452251
2004,"oklahoma",3525233
2004,"oregon",3569463
2004,"pennsylvania",12410722
2004,"rhode island",1074579
2004,"south carolina",4210921
2004,"south dakota",770396
2004,"tennessee",5910809
2004,"texas",22394023
2004,"utah",2401580
2004,"virginia",7475575
2004,"vermont",619920
2004,"washington",6178645
2004,"wisconsin",5514026
2004,"west virginia",1816438
2004,"wyoming",509106
2005,"alaska",666946
2005,"alabama",4569805
2005,"arkansas",2781097
2005,"arizona",5839077
2005,"california",35827943
2005,"colorado",4631888
2005,"connecticut",3506956
2005,"district of columbia",567136
2005,"delaware",845150
2005,"florida",17842038
2005,"georgia",8925922
2005,"hawaii",1292729
2005,"iowa",2964454
2005,"idaho",1428241
2005,"illinois",12609903
2005,"indiana",6278616
2005,"kansas",2745299
2005,"kentucky",4182742
2005,"louisiana",4576628
2005,"massachusetts",6403290
2005,"maryland",5592379
2005,"maine",1318787
2005,"michigan",10051137
2005,"minnesota",5119598
2005,"missouri",5790300
2005,"mississippi",2905943
2005,"montana",940102
2005,"north carolina",8705407
2005,"north dakota",646089
2005,"nebraska",1761497
2005,"new hampshire",1298492
2005,"new jersey",8651974
2005,"new mexico",1932274
2005,"nevada",2432143
2005,"new york",19132610
2005,"ohio",11463320
2005,"oklahoma",3548597
2005,"oregon",3613202
2005,"pennsylvania",12449990
2005,"rhode island",1067916
2005,"south carolina",4270150
2005,"south dakota",775493
2005,"tennessee",5991057
2005,"texas",22778123
2005,"utah",2457719
2005,"virginia",7577105
2005,"vermont",621215
2005,"washington",6257305
2005,"wisconsin",5546166
2005,"west virginia",1820492
2005,"wyoming",514157
2006,"alaska",675302
2006,"alabama",4628981
2006,"arkansas",2821761
2006,"arizona",6029141
2006,"california",36021202
2006,"colorado",4720423
2006,"connecticut",3517460
2006,"district of columbia",570681
2006,"delaware",859268
2006,"florida",18166990
2006,"georgia",9155813
2006,"hawaii",1309731
2006,"iowa",2982644
2006,"idaho",1468669
2006,"illinois",12643955
2006,"indiana",6332669
2006,"kansas",2762931
2006,"kentucky",4219239
2006,"louisiana",4302665
2006,"massachusetts",6410084
2006,"maryland",5627367
2006,"maine",1323619
2006,"michigan",10036081
2006,"minnesota",5163555
2006,"missouri",5842704
2006,"mississippi",2904978
2006,"montana",952692
2006,"north carolina",8917270
2006,"north dakota",649422
2006,"nebraska",1772693
2006,"new hampshire",1308389
2006,"new jersey",8661679
2006,"new mexico",1962137
2006,"nevada",2522658
2006,"new york",19104631
2006,"ohio",11481213
2006,"oklahoma",3594090
2006,"oregon",3670883
2006,"pennsylvania",12510809
2006,"rhode island",1063096
2006,"south carolina",4357847
2006,"south dakota",783033
2006,"tennessee",6088766
2006,"texas",23359580
2006,"utah",2525507
2006,"virginia",7673725
2006,"vermont",622892
2006,"washington",6370753
2006,"wisconsin",5577655
2006,"west virginia",1827912
2006,"wyoming",522667
2007,"alaska",680300
2007,"alabama",4672840
2007,"arkansas",2848650
2007,"arizona",6167681
2007,"california",36250311
2007,"colorado",4803868
2007,"connecticut",3527270
2007,"district of columbia",574404
2007,"delaware",871749
2007,"florida",18367842
2007,"georgia",9349988
2007,"hawaii",1315675
2007,"iowa",2999212
2007,"idaho",1505105
2007,"illinois",12695866
2007,"indiana",6379599
2007,"kansas",2783785
2007,"kentucky",4256672
2007,"louisiana",4375581
2007,"massachusetts",6431559
2007,"maryland",5653408
2007,"maine",1327040
2007,"michigan",10001284
2007,"minnesota",5207203
2007,"missouri",5887612
2007,"mississippi",2928350
2007,"montana",964706
2007,"north carolina",9118037
2007,"north dakota",652822
2007,"nebraska",1783440
2007,"new hampshire",1312540
2007,"new jersey",8677885
2007,"new mexico",1990070
2007,"nevada",2601072
2007,"new york",19132335
2007,"ohio",11500468
2007,"oklahoma",3634349
2007,"oregon",3722417
2007,"pennsylvania",12563937
2007,"rhode island",1057315
2007,"south carolina",4444110
2007,"south dakota",791623
2007,"tennessee",6175727
2007,"texas",23831983
2007,"utah",2597746
2007,"virginia",7751000
2007,"vermont",623481
2007,"washington",6461587
2007,"wisconsin",5610775
2007,"west virginia",1834052
2007,"wyoming",534876
2008,"alaska",687455
2008,"alabama",4718206
2008,"arkansas",2874554
2008,"arizona",6280362
2008,"california",36604337
2008,"colorado",4889730
2008,"connecticut",3545579
2008,"district of columbia",580236
2008,"delaware",883874
2008,"florida",18527305
2008,"georgia",9504843
2008,"hawaii",1332213
2008,"iowa",3016734
2008,"idaho",1534320
2008,"illinois",12747038
2008,"indiana",6424806
2008,"kansas",2808076
2008,"kentucky",4289878
2008,"louisiana",4435586
2008,"massachusetts",6468967
2008,"maryland",5684965
2008,"maine",1330509
2008,"michigan",9946889
2008,"minnesota",5247018
2008,"missouri",5923916
2008,"mississippi",2947806
2008,"montana",976415
2008,"north carolina",9309449
2008,"north dakota",657569
2008,"nebraska",1796378
2008,"new hampshire",1315906
2008,"new jersey",8711090
2008,"new mexico",2010662
2008,"nevada",2653630
2008,"new york",19212436
2008,"ohio",11515391
2008,"oklahoma",3668976
2008,"oregon",3768748
2008,"pennsylvania",12612285
2008,"rhode island",1055003
2008,"south carolina",4528996
2008,"south dakota",799124
2008,"tennessee",6247411
2008,"texas",24309039
2008,"utah",2663029
2008,"virginia",7833496
2008,"vermont",624151
2008,"washington",6562231
2008,"wisconsin",5640996
2008,"west virginia",1840310
2008,"wyoming",546043
2009,"alaska",698895
2009,"alabama",4757938
2009,"arkansas",2896843
2009,"arizona",6343154
2009,"california",36961229
2009,"colorado",4972195
2009,"connecticut",3561807
2009,"district of columbia",592228
2009,"delaware",891730
2009,"florida",18652644
2009,"georgia",9620846
2009,"hawaii",1346717
2009,"iowa",3032870
2009,"idaho",1554439
2009,"illinois",12796778
2009,"indiana",6459325
2009,"kansas",2832704
2009,"kentucky",4317074
2009,"louisiana",4491648
2009,"massachusetts",6517613
2009,"maryland",5730388
2009,"maine",1329590
2009,"michigan",9901591
2009,"minnesota",5281203
2009,"missouri",5961088
2009,"mississippi",2958774
2009,"montana",983982
2009,"north carolina",9449566
2009,"north dakota",664968
2009,"nebraska",1812683
2009,"new hampshire",1316102
2009,"new jersey",8755602
2009,"new mexico",2036802
2009,"nevada",2684665
2009,"new york",19307066
2009,"ohio",11528896
2009,"oklahoma",3717572
2009,"oregon",3808600
2009,"pennsylvania",12666858
2009,"rhode island",1053646
2009,"south carolina",4589872
2009,"south dakota",807067
2009,"tennessee",6306019
2009,"texas",24801761
2009,"utah",2723421
2009,"virginia",7925937
2009,"vermont",624817
2009,"washington",6667426
2009,"wisconsin",5669264
2009,"west virginia",1847775
2009,"wyoming",559851
2010,"alaska",714021
2010,"alabama",4785161
2010,"arkansas",2922394
2010,"arizona",6408208
2010,"california",37334079
2010,"colorado",5048254
2010,"connecticut",3579717
2010,"district of columbia",605126
2010,"delaware",899791
2010,"florida",18849890
2010,"georgia",9713454
2010,"hawaii",1363980
2010,"iowa",3050694
2010,"idaho",1570986
2010,"illinois",12841249
2010,"indiana",6490590
2010,"kansas",2858824
2010,"kentucky",4347937
2010,"louisiana",4544951
2010,"massachusetts",6565036
2010,"maryland",5788409
2010,"maine",1327695
2010,"michigan",9877369
2010,"minnesota",5310903
2010,"missouri",5996052
2010,"mississippi",2970316
2010,"montana",990643
2010,"north carolina",9558979
2010,"north dakota",674530
2010,"nebraska",1830025
2010,"new hampshire",1316708
2010,"new jersey",8803881
2010,"new mexico",2064741
2010,"nevada",2703440
2010,"new york",19402920
2010,"ohio",11540766
2010,"oklahoma",3759596
2010,"oregon",3837972
2010,"pennsylvania",12712014
2010,"rhode island",1053219
2010,"south carolina",4635894
2010,"south dakota",816299
2010,"tennessee",6356585
2010,"texas",25244363
2010,"utah",2775426
2010,"virginia",8025787
2010,"vermont",625984
2010,"washington",6743060
2010,"wisconsin",5690204
2010,"west virginia",1854225
2010,"wyoming",564516
2011,"alaska",722720
2011,"alabama",4801108
2011,"arkansas",2938538
2011,"arizona",6468732
2011,"california",37700034
2011,"colorado",5119480
2011,"connecticut",3589759
2011,"district of columbia",620472
2011,"delaware",907916
2011,"florida",19105533
2011,"georgia",9812280
2011,"hawaii",1378227
2011,"iowa",3065389
2011,"idaho",1584134
2011,"illinois",12861882
2011,"indiana",6516845
2011,"kansas",2869917
2011,"kentucky",4367882
2011,"louisiana",4575381
2011,"massachusetts",6611797
2011,"maryland",5844171
2011,"maine",1328257
2011,"michigan",9876589
2011,"minnesota",5348119
2011,"missouri",6010587
2011,"mississippi",2977999
2011,"montana",997746
2011,"north carolina",9651025
2011,"north dakota",685326
2011,"nebraska",1842383
2011,"new hampshire",1318344
2011,"new jersey",8842934
2011,"new mexico",2078226
2011,"nevada",2718819
2011,"new york",19523202
2011,"ohio",11545442
2011,"oklahoma",3786626
2011,"oregon",3868509
2011,"pennsylvania",12745202
2011,"rhode island",1051856
2011,"south carolina",4672733
2011,"south dakota",824289
2011,"tennessee",6398408
2011,"texas",25654464
2011,"utah",2816440
2011,"virginia",8110783
2011,"vermont",626687
2011,"washington",6823229
2011,"wisconsin",5709720
2011,"west virginia",1854948
2011,"wyoming",567768
2012,"alaska",731228
2012,"alabama",4816089
2012,"arkansas",2949499
2012,"arizona",6553262
2012,"california",38056055
2012,"colorado",5191731
2012,"connecticut",3593541
2012,"district of columbia",635342
2012,"delaware",917099
2012,"florida",19352021
2012,"georgia",9917639
2012,"hawaii",1392641
2012,"iowa",3076636
2012,"idaho",1596097
2012,"illinois",12875167
2012,"indiana",6538283
2012,"kansas",2886281
2012,"kentucky",4382667
2012,"louisiana",4603676
2012,"massachusetts",6657780
2012,"maryland",5890740
2012,"maine",1328888
2012,"michigan",9886879
2012,"minnesota",5380443
2012,"missouri",6025468
2012,"mississippi",2985660
2012,"montana",1005157
2012,"north carolina",9747021
2012,"north dakota",702265
2012,"nebraska",1855973
2012,"new hampshire",1321393
2012,"new jersey",8874893
2012,"new mexico",2084792
2012,"nevada",2754874
2012,"new york",19606981
2012,"ohio",11551783
2012,"oklahoma",3817679
2012,"oregon",3899444
2012,"pennsylvania",12772789
2012,"rhode island",1052393
2012,"south carolina",4721341
2012,"south dakota",834631
2012,"tennessee",6455469
2012,"texas",26089741
2012,"utah",2856343
2012,"virginia",8193374
2012,"vermont",626398
2012,"washington",6897292
2012,"wisconsin",5726422
2012,"west virginia",1856283
2012,"wyoming",577080
2013,"alaska",737442
2013,"alabama",4830533
2013,"arkansas",2957957
2013,"arizona",6630799
2013,"california",38414128
2013,"colorado",5271132
2013,"connecticut",3597168
2013,"district of columbia",649540
2013,"delaware",925353
2013,"florida",19594467
2013,"georgia",9991562
2013,"hawaii",1408765
2013,"iowa",3092224
2013,"idaho",1612785
2013,"illinois",12889580
2013,"indiana",6570518
2013,"kansas",2894630
2013,"kentucky",4398500
2013,"louisiana",4627491
2013,"massachusetts",6708810
2013,"maryland",5936040
2013,"maine",1328778
2013,"michigan",9900506
2013,"minnesota",5420541
2013,"missouri",6043708
2013,"mississippi",2990976
2013,"montana",1014402
2013,"north carolina",9845432
2013,"north dakota",723626
2013,"nebraska",1869300
2013,"new hampshire",1322660
2013,"new jersey",8907384
2013,"new mexico",2086890
2013,"nevada",2790366
2013,"new york",19691032
2013,"ohio",11572232
2013,"oklahoma",3853405
2013,"oregon",3928030
2013,"pennsylvania",12783536
2013,"rhode island",1052856
2013,"south carolina",4768498
2013,"south dakota",845270
2013,"tennessee",6496130
2013,"texas",26500674
2013,"utah",2903685
2013,"virginia",8267875
2013,"vermont",627129
2013,"washington",6973281
2013,"wisconsin",5743653
2013,"west virginia",1852985
2013,"wyoming",583131
2014,"alaska",737046
2014,"alabama",4846411
2014,"arkansas",2966835
2014,"arizona",6728783
2014,"california",38792291
2014,"colorado",5355588
2014,"connecticut",3594762
2014,"district of columbia",659836
2014,"delaware",935968
2014,"florida",19905569
2014,"georgia",10097132
2014,"hawaii",1420257
2014,"iowa",3109481
2014,"idaho",1634806
2014,"illinois",12882189
2014,"indiana",6597880
2014,"kansas",2902507
2014,"kentucky",4412617
2014,"louisiana",4648990
2014,"massachusetts",6755124
2014,"maryland",5975346
2014,"maine",1330256
2014,"michigan",9916306
2014,"minnesota",5457125
2014,"missouri",6063827
2014,"mississippi",2993443
2014,"montana",1023252
2014,"north carolina",9940387
2014,"north dakota",740040
2014,"nebraska",1882980
2014,"new hampshire",1327996
2014,"new jersey",8938844
2014,"new mexico",2085567
2014,"nevada",2838281
2014,"new york",19748858
2014,"ohio",11596998
2014,"oklahoma",3879610
2014,"oregon",3971202
2014,"pennsylvania",12793767
2014,"rhode island",1054907
2014,"south carolina",4829160
2014,"south dakota",853304
2014,"tennessee",6547779
2014,"texas",26979078
2014,"utah",2944498
2014,"virginia",8328098
2014,"vermont",626767
2014,"washington",7063166
2014,"wisconsin",5759432
2014,"west virginia",1848751
2014,"wyoming",584304
2015,"alaska",738432
2015,"alabama",4858979
2015,"arkansas",2978204
2015,"arizona",6828065
2015,"california",39144818
2015,"colorado",5456574
2015,"connecticut",3590886
2015,"district of columbia",672228
2015,"delaware",945934
2015,"florida",20271272
2015,"georgia",10214860
2015,"hawaii",1431603
2015,"iowa",3123899
2015,"idaho",1654930
2015,"illinois",12859995
2015,"indiana",6619680
2015,"kansas",2911641
2015,"kentucky",4425092
2015,"louisiana",4670724
2015,"massachusetts",6794422
2015,"maryland",6006401
2015,"maine",1329328
2015,"michigan",9922576
2015,"minnesota",5489594
2015,"missouri",6083672
2015,"mississippi",2992333
2015,"montana",1032949
2015,"north carolina",10042802
2015,"north dakota",756927
2015,"nebraska",1896190
2015,"new hampshire",1330608
2015,"new jersey",8958013
2015,"new mexico",2085109
2015,"nevada",2890845
2015,"new york",19795791
2015,"ohio",11613423
2015,"oklahoma",3911338
2015,"oregon",4028977
2015,"pennsylvania",12802503
2015,"rhode island",1056298
2015,"south carolina",4896146
2015,"south dakota",858469
2015,"tennessee",6600299
2015,"texas",27469114
2015,"utah",2995919
2015,"virginia",8382993
2015,"vermont",626042
2015,"washington",7170351
2015,"wisconsin",5771337
2015,"west virginia",1844128
2015,"wyoming",586107
